ATPase_Vmax_frac,count,ATPase_Vmax_frac_median,Glucose_media_median,Glucose_median,G6P_median,F6P_median,F16BP_median,GAP_median,DHAP_median,BPG_median,ThreePG_median,TwoPG_median,PEP_median,Pyruvate_median,Lactate_median,Lactate_media_median,ATP_median,ADP_median,AMP_median,Phosphate_median,NAD_median,NADH_median,F26BP_median,Citrate_median,Phenylalanine_median,ATPprod_ATPase_ratios_median,ATPase_Vmax_frac_qlow,Glucose_media_qlow,Glucose_qlow,G6P_qlow,F6P_qlow,F16BP_qlow,GAP_qlow,DHAP_qlow,BPG_qlow,ThreePG_qlow,TwoPG_qlow,PEP_qlow,Pyruvate_qlow,Lactate_qlow,Lactate_media_qlow,ATP_qlow,ADP_qlow,AMP_qlow,Phosphate_qlow,NAD_qlow,NADH_qlow,F26BP_qlow,Citrate_qlow,Phenylalanine_qlow,ATPprod_ATPase_ratios_qlow,ATPase_Vmax_frac_qhigh,Glucose_media_qhigh,Glucose_qhigh,G6P_qhigh,F6P_qhigh,F16BP_qhigh,GAP_qhigh,DHAP_qhigh,BPG_qhigh,ThreePG_qhigh,TwoPG_qhigh,PEP_qhigh,Pyruvate_qhigh,Lactate_qhigh,Lactate_media_qhigh,ATP_qhigh,ADP_qhigh,AMP_qhigh,Phosphate_qhigh,NAD_qhigh,NADH_qhigh,F26BP_qhigh,Citrate_qhigh,Phenylalanine_qhigh,ATPprod_ATPase_ratios_qhigh
0.014999999999999996,9941,0.014999999999999996,0.010890000000000002,0.010795312546869352,0.002305824272804008,0.0007852863739228914,0.0010300486473793146,1.3331398728048102e-5,0.0004948677019787893,0.00031040810153167855,0.0003049449763998485,7.782636833299524e-5,0.00024544091539437324,0.002204946408230598,0.0009280077666177378,0.0008712000000000001,0.0037497668681065474,3.6590860577975213e-6,9.571373012255543e-10,0.000754047552222771,0.0004279276064846841,8.977226451470424e-8,0.0,0.0,0.0,0.9996239435045451,0.014999999999999996,0.010890000000000002,0.010593464026439799,0.00034689786563254013,0.00014160043786182736,2.020193433135033e-5,1.6527625204647819e-6,2.919698596156895e-5,3.3197186208691996e-9,2.696413663991724e-7,2.1307225140727483e-7,1.4297223798672594e-7,0.0008840501231240738,0.0008922323562193882,0.0008712000000000001,0.00015385341959684606,1.3140313488310857e-6,1.2572500230800007e-10,1.187523430414503e-6,0.00032966415335813546,5.1764610010623926e-8,0.0,0.0,0.0,0.9910494376486301,0.014999999999999996,0.010890000000000002,0.01085156657466033,0.003709643246748452,0.0015895659285039784,0.006457643294832177,0.0001115145680412726,0.0017464626393184728,0.0009862702651057499,0.0007320392550060672,0.00015938100048377908,0.0005878382211453907,0.0038838241697782038,0.0012127576416846174,0.0008712000000000001,0.004587486434969947,0.0012139715496900208,0.0028437673997918278,0.0038979052583654156,0.000527178496997725,2.4189400527333316e-7,0.0,0.0,0.0,0.9998562057687934
0.016239551008110815,9927,0.016239551008110815,0.010890000000000002,0.010787133251402492,0.002159352241183006,0.0007452702905342844,0.0010126451524103972,1.3163788499311045e-5,0.000491110893403337,0.0003422465510288073,0.0003214130107555391,8.110376232006033e-5,0.0002620662680999775,0.0021342119022772564,0.0009329453287335759,0.0008712000000000001,0.003771279962454561,3.4669618689909804e-6,8.508051391699381e-10,0.0008948688438761367,0.0004279176050186994,9.367285955490952e-8,0.0,0.0,0.0,0.9996002921735408,0.016239551008110815,0.010890000000000002,0.010574516074072959,0.0004045145913380732,0.00015703986028668096,1.1246343074647083e-5,1.3918580971194786e-6,2.104571761323899e-5,4.231568060096527e-9,3.328239877246319e-7,2.6097698696208297e-7,1.76078713562407e-7,0.0008447428418265543,0.0008940768803182314,0.0008712000000000001,0.00018919186903495902,1.2795315136327743e-6,1.1860209013984443e-10,1.4445747804656973e-6,0.00032863274300114003,5.340801819261845e-8,0.0,0.0,0.0,0.9923445516156322,0.016239551008110815,0.010890000000000002,0.010847963099915037,0.0034648281642262815,0.001498499432872039,0.006221306118269746,0.00010755987599408088,0.0016804422773261192,0.00101314425523427,0.0007523021709484283,0.00016248344641648534,0.000613865451533895,0.0038124244370511757,0.0012752660414370898,0.0008712000000000001,0.004582856001624608,0.0011816398229501223,0.002670298415824388,0.0042421313335496815,0.0005268866556016998,2.4973671888500995e-7,0.0,0.0,0.0,0.9998542131963996
0.017581534463002195,9926,0.017581534463002195,0.010890000000000002,0.010779270101016203,0.00200351984208389,0.0006928362491253603,0.0010262175458990983,1.2991601834220167e-5,0.0004966988491877436,0.00036979847648897676,0.00033912871066559875,8.414736679215739e-5,0.00027386954159526716,0.0021164102315951476,0.0009385636876890133,0.0008712000000000001,0.0037776890752035516,3.3964588385998166e-6,7.900017786565013e-10,0.0010369332377233832,0.000427067279000739,9.618462687053531e-8,0.0,0.0,0.0,0.9995693885880355,0.017581534463002195,0.010890000000000002,0.010530650897243525,0.00041814402804733546,0.00015564125564374476,7.3933277254014924e-6,1.051006922585768e-6,1.9027800750022268e-5,5.3326095900789075e-9,4.0953508736645554e-7,3.045040446487618e-7,2.0865049164326227e-7,0.0008291500946817276,0.0008956695066238893,0.0008712000000000001,0.00019981679958408063,1.2848130612738288e-6,1.2109461942577998e-10,1.7483025051621582e-6,0.0003290902233562793,5.4954146963434005e-8,0.0,0.0,0.0,0.9926770032631278,0.017581534463002195,0.010890000000000002,0.010844509153505346,0.0032325488310518944,0.001405957550692927,0.006085891275164193,0.00011245662917916586,0.0016107524863720833,0.0010320723019706898,0.0007666640235374078,0.00016621794285123727,0.0006312827917989912,0.0037906501388409604,0.0013025367112882479,0.0008712000000000001,0.004593550275576139,0.0011110470262410117,0.0025739235521146805,0.004564174296439537,0.0005252418971323827,2.5823065112083506e-7,0.0,0.0,0.0,0.9998455040086187
0.019034415047518828,9925,0.019034415047518828,0.010890000000000002,0.010767855521509509,0.0018555303399170016,0.0006419417122544914,0.0009786494147867868,1.2509617947503972e-5,0.0004750889433026921,0.0003918618717257055,0.0003541660544321528,8.659417405535313e-5,0.00028286987937642285,0.0020711440883296687,0.0009426341346783821,0.0008712000000000001,0.0037906732042728894,3.357384016003571e-6,7.895310898284636e-10,0.0012120871031205801,0.0004297540889214612,9.985916413645707e-8,0.0,0.0,0.0,0.999527322828993,0.019034415047518828,0.010890000000000002,0.010515811141920389,0.0005394923380344134,0.0001675646460099634,2.7784792701439597e-6,6.786856436312921e-7,1.2348655900630188e-5,7.113333054286643e-9,5.412977848333343e-7,3.814190773139684e-7,2.6368939886702487e-7,0.0008130913157722436,0.0008976408770183556,0.0008712000000000001,0.00026647650735862904,1.2987952197725875e-6,1.219734387880538e-10,2.1373822290478073e-6,0.0003274209064781469,5.696174727849964e-8,0.0,0.0,0.0,0.9940041639308009,0.019034415047518828,0.010890000000000002,0.010840174874543263,0.0030472204115719955,0.0013318633090134654,0.005696153889321138,0.00010092469859564846,0.0015471157018954198,0.001040504115290378,0.0007927462920131165,0.00017238632974679282,0.0006423501110049868,0.0036942609644499327,0.0013983556129606777,0.0008712000000000001,0.004596485740672494,0.0010655933061519461,0.0023682586377263577,0.005273481393624364,0.0005246767506837097,2.68377203905954e-7,0.0,0.0,0.0,0.9998408641896167
0.02060735693824894,9918,0.02060735693824894,0.010890000000000002,0.010758978417197126,0.0017163939036864005,0.0005965072086377078,0.0009454646381182215,1.235438969946583e-5,0.00046923190023408733,0.00040892561998847476,0.0003626151807407482,8.790455610312445e-5,0.0002896420880292707,0.0020117389752781815,0.0009497675076055799,0.0008712000000000001,0.003791897651964247,3.292109352864348e-6,7.637738913250657e-10,0.0014228535768063492,0.0004288741823432088,1.0527301384783187e-7,0.0,0.0,0.0,0.9994782718791559,0.02060735693824894,0.010890000000000002,0.010483846743462392,0.0008588151141112397,0.00018618774307656196,1.8921621914138167e-6,5.259830018314438e-7,9.22938786334822e-6,1.4367347642961518e-8,1.0703537658163914e-6,7.587133131630339e-7,4.785650416802518e-7,0.0007607350753339677,0.0008998815871621167,0.0008712000000000001,0.0006132803332252479,1.2725809857655273e-6,1.2064389893741866e-10,3.6814129480060004e-6,0.0003279245464302518,5.986604614441645e-8,0.0,0.0,0.0,0.9965974578296272,0.02060735693824894,0.010890000000000002,0.010835470791441197,0.002803519083085302,0.001224412842081136,0.004616620035390828,0.0001174802670614157,0.0014657156483950467,0.0010669441958258928,0.0008164738107270231,0.00017238617489609995,0.0006563054522453009,0.0036440380824411104,0.0013940288584192316,0.0008712000000000001,0.00460979328385029,0.0008604887798126345,0.001712449059885584,0.005677737825005345,0.0005259812397971882,2.838770860136959e-7,0.0,0.0,0.0,0.9998345500568577
0.022310281609402672,9925,0.022310281609402672,0.010890000000000002,0.010748542964011319,0.0015821962026293203,0.0005502463658318833,0.0009281444492457684,1.2228557232626178e-5,0.0004556442241078608,0.0004157199742884176,0.0003693914615395612,8.931249813768067e-5,0.00029500107662571926,0.0020027269498563106,0.000957830541237957,0.0008712000000000001,0.0037989955166003843,3.3832912703573185e-6,7.99536038411617e-10,0.0016032882390761463,0.000428931016166272,1.0905316616546301e-7,0.0,0.0,0.0,0.9994328686195788,0.022310281609402672,0.010890000000000002,0.010436250092208523,0.0008416626204651174,0.000178552079463379,1.5180388289906812e-6,5.105260495066161e-7,7.445220804959216e-6,4.967503919148045e-5,2.4113585653899943e-5,1.2175080524104646e-5,2.2811583004792638e-5,0.0007372057602585613,0.0009030981540767571,0.0008712000000000001,0.002671142911583721,1.2937273551494298e-6,1.2378194436781904e-10,7.073073502524494e-5,0.0003311932951525843,6.259725603085078e-8,0.0,0.0,0.0,0.9972982827082795,0.022310281609402672,0.010890000000000002,0.01083082798430614,0.0025646901720044394,0.0011215639243122239,0.003488218029210968,0.00010163859935937827,0.001432349043353974,0.0010600621667228648,0.0008351723538083688,0.00017675444297132672,0.0006695390511719037,0.003652719946235554,0.0014778242027593711,0.0008712000000000001,0.004583719683321356,0.00014746446093333253,2.4863502821249106e-6,0.006127792541564528,0.0005285861165361314,3.068458215001784e-7,0.0,0.0,0.0,0.9998276071108605
0.02415393041341408,9905,0.02415393041341408,0.010890000000000002,0.010736656345953296,0.001462185878072695,0.0005168736379546938,0.0008614739302147498,1.1885592751932176e-5,0.00044370007199477505,0.0004219171014787896,0.00037351383999369663,9.034164676016845e-5,0.00029791078077911484,0.0020033683595684793,0.0009647373062758609,0.0008712000000000001,0.003803414815272572,3.465124147859306e-6,8.230341940454666e-10,0.0018487596957320789,0.00042730755650628456,1.1317808059093503e-7,0.0,0.0,0.0,0.9993745378531268,0.02415393041341408,0.010890000000000002,0.010416073116135632,0.0008158834302640046,0.00017855150915154915,1.1658245539400263e-6,3.996579882034991e-7,5.596414738275304e-6,7.731420973826991e-5,4.5736787806519344e-5,2.1599436929809527e-5,3.8974309800600324e-5,0.0007314652228219579,0.0009060083513296828,0.0008712000000000001,0.0028625535635997076,1.358696435828068e-6,1.363141552663258e-10,0.00016961598871296387,0.0003278701442482915,6.538751681192409e-8,0.0,0.0,0.0,0.9976505182559116,0.02415393041341408,0.010890000000000002,0.010825753339239954,0.002387139151854392,0.0010482346807883115,0.002969121016782396,0.00010193580919561098,0.0014358387235897585,0.0010479624929670137,0.0008478965556871483,0.00017698336215680118,0.0006710595376403415,0.0036669436898636174,0.001510239180631011,0.0008712000000000001,0.004612501592928238,7.612413299900765e-5,6.942391765046308e-7,0.006565941659590216,0.0005264202162304685,3.182665189071936e-7,0.0,0.0,0.0,0.9998151733942062
0.026149932332999816,9908,0.026149932332999816,0.010890000000000002,0.010724329398266265,0.0013418654865227854,0.00047181935587872076,0.0007723566044189447,1.1274951931672857e-5,0.0004105205783453852,0.00041916894943192846,0.0003735971197467589,8.987956835803011e-5,0.0002972810075614315,0.0020055360524188466,0.00097113327222919,0.0008712000000000001,0.003791188575392552,3.5436911095798117e-6,8.826627095881656e-10,0.0021520894884499136,0.0004276338067752577,1.1602050083882273e-7,0.0,0.0,0.0,0.9992874388208675,0.026149932332999816,0.010890000000000002,0.01036627085734199,0.0007601340145694034,0.00016032864233019552,1.084592321590292e-6,3.735941175145693e-7,4.4170549309748166e-6,8.844159856955048e-5,4.619733923580091e-5,2.111641545470932e-5,3.933716072129594e-5,0.0007229741333522016,0.0009081946644945652,0.0008712000000000001,0.002894774054711372,1.4096644379233552e-6,1.4396174764949174e-10,0.00022389163173226227,0.0003276989443125005,6.568544629254717e-8,0.0,0.0,0.0,0.997539503575353,0.026149932332999816,0.010890000000000002,0.010821094257237995,0.002227834389847534,0.0009712341311547085,0.0028393333159067234,9.427166286591567e-5,0.0013996104897901738,0.0010667716686359767,0.0008555732818839724,0.00017884236180705436,0.0006941026282986949,0.003659815919537794,0.0015464324126466275,0.0008712000000000001,0.004589821871242001,7.472247725086145e-5,6.546852116182487e-7,0.007032356246092051,0.0005266412056699551,3.257664304026473e-7,0.0,0.0,0.0,0.9997978744972277
0.028310877332026457,9913,0.028310877332026457,0.010890000000000002,0.010711107003208375,0.0012352225671521434,0.00043447951652630164,0.0007258333797592748,1.108299677750412e-5,0.0003956875798804472,0.00041842205081852165,0.00037472618783084764,9.002234872356073e-5,0.000297271315621409,0.0020303727361004956,0.0009797437669274813,0.0008712000000000001,0.0037949443160641243,3.7261744397910175e-6,9.748366957849925e-10,0.0024173025921345958,0.00042749989787385786,1.2005395387868669e-7,0.0,0.0,0.0,0.9992182395034914,0.028310877332026457,0.010890000000000002,0.010317784807224223,0.0007036945463375347,0.00015630357258430977,9.681218804336121e-7,3.590846879256137e-7,3.951736592494095e-6,9.284038336896362e-5,4.337442158142071e-5,2.086416334047022e-5,3.791447770756479e-5,0.0007160062410253488,0.0009110274449075519,0.0008712000000000001,0.0028977207780617083,1.4304523085850032e-6,1.5293660978384782e-10,0.0002559770872309663,0.000328679626096035,6.879518031354517e-8,0.0,0.0,0.0,0.9975102201324801,0.028310877332026457,0.010890000000000002,0.010815012719591757,0.002045914077786178,0.0008721285782865864,0.002865966825470125,0.00010439981631370393,0.0013910825350293824,0.0010506331350679087,0.0008672545214792428,0.0001834567413766465,0.0007177834396559784,0.0036733650459148605,0.0016131652082276688,0.0008712000000000001,0.0046141071419943435,8.167207008200839e-5,7.584040159347164e-7,0.0072437348661151075,0.0005281628179241173,3.418510715426257e-7,0.0,0.0,0.0,0.9997913084453323
0.030650395767854118,9903,0.030650395767854118,0.010890000000000002,0.010695791488474648,0.0011330229335237284,0.0003978980429876717,0.000631186773964809,1.0619147327494564e-5,0.000366994553992178,0.00041365628728219254,0.0003705219810672592,8.909402612628597e-5,0.00029288243317905334,0.0020448168038385626,0.0009897240332187895,0.0008712000000000001,0.0038033436036783016,3.957753211910604e-6,1.112880416752904e-9,0.002795009869113705,0.0004289136284286354,1.231758242699103e-7,0.0,0.0,0.0,0.9991250596874677,0.030650395767854118,0.010890000000000002,0.010280307261031232,0.0006565301354678308,0.00014856138616179068,8.946207522699274e-7,3.3920092438387336e-7,3.341022560385854e-6,0.00010479747277734414,4.4037030249752836e-5,2.0903742829434468e-5,3.9860044799258976e-5,0.0007335401654470464,0.0009146870486401445,0.0008712000000000001,0.0029296726622052615,1.4996655407508165e-6,1.6632725132955533e-10,0.0003497659984930952,0.0003282969541320298,7.147689321090829e-8,0.0,0.0,0.0,0.9973889636477418,0.030650395767854118,0.010890000000000002,0.010806641300711808,0.0018778108037473666,0.0008175712249092964,0.0027551216907540695,0.00010501262306934597,0.0013324733599015363,0.0010306303404405046,0.0008657918993970108,0.00018412875208483718,0.000704007817323551,0.003762470636204265,0.0017178351099002077,0.0008712000000000001,0.004604482239075914,8.273531540719179e-5,7.816774979953535e-7,0.0077503898292701,0.0005278021014147852,3.4831246107083e-7,0.0,0.0,0.0,0.9997694322230711
0.03318324436605673,9893,0.03318324436605673,0.010890000000000002,0.01067826621796538,0.0010455483851224755,0.00036728597169298055,0.0004866675693265341,1.0038531993701303e-5,0.00032020129847135754,0.0003952282885782139,0.0003567932587295559,8.653286869223954e-5,0.00028143516779342474,0.0020846197726309256,0.0009987236640729702,0.0008712000000000001,0.0037946747162428793,4.2406815843627e-6,1.3018409577777589e-9,0.003294164068009642,0.00042759954857662696,1.268215318744719e-7,0.0,0.0,0.0,0.9989962551385532,0.03318324436605673,0.010890000000000002,0.010230413136910489,0.0005986680120487742,0.0001356020873879533,8.793358217258769e-7,3.3539245390033e-7,2.765531612066979e-6,0.00010785204642472439,4.049377676119422e-5,1.942902820054166e-5,3.616776610417492e-5,0.0007083755445066027,0.0009178188787462619,0.0008712000000000001,0.0029293019610297983,1.5052975174367912e-6,1.7195594015476617e-10,0.00042180129986679944,0.0003285671680095586,7.387867025739099e-8,0.0,0.0,0.0,0.9972795043597807,0.03318324436605673,0.010890000000000002,0.010800961829134044,0.0017330045666136746,0.0007530203703343033,0.0026857129524358054,9.49457220665967e-5,0.0012490095789097692,0.001015105099779709,0.0008967787296544874,0.00018575055069983438,0.0007073949973353513,0.0037778257668794283,0.0018223472984221132,0.0008712000000000001,0.004621804771314209,9.054615857978348e-5,9.652838627997636e-7,0.008098268918977827,0.0005265648620069441,3.937540237469306e-7,0.0,0.0,0.0,0.9997519532720262
0.03592539929981228,9909,0.03592539929981228,0.010890000000000002,0.010663940866947722,0.000966966724366628,0.000338952936735955,0.00033472494450797205,9.139453026947638e-6,0.00026515276881381523,0.0003679048306145785,0.0003356828806278871,8.247602750036551e-5,0.0002629029805692211,0.0021429003904328784,0.0010100396285844303,0.0008712000000000001,0.0038048597466881578,4.8256273261477745e-6,1.6798490740679865e-9,0.003775691966467574,0.0004273566256370574,1.2934736291328727e-7,0.0,0.0,0.0,0.9988611542186914,0.03592539929981228,0.010890000000000002,0.010199334342452623,0.0005455330702267164,0.00012178581970416743,8.099155151016076e-7,3.3222290513877777e-7,2.4128844789021642e-6,0.00011181972592554746,3.721633533152319e-5,1.850541921902013e-5,3.2748735042702146e-5,0.0007474503846658078,0.0009221084803370772,0.0008712000000000001,0.0029612815583350068,1.6665175191618112e-6,2.0275855968087457e-10,0.0005333327959547805,0.00032881880880087245,7.52483191560971e-8,0.0,0.0,0.0,0.9971809665523711,0.03592539929981228,0.010890000000000002,0.010795995138756476,0.0016524080331844766,0.0006944226426632372,0.0026401132079102493,9.499678404607888e-5,0.001208619593545933,0.0009706672546909734,0.0008750892755857338,0.0001856539261474811,0.0007050113392967555,0.0038955586007709555,0.0018363918813388874,0.0008712000000000001,0.004607205767809818,0.00010444125733362504,1.2679473210221253e-6,0.008306403587185058,0.0005241936049799001,3.6475474670054235e-7,0.0,0.0,0.0,0.9997313833721017
0.038894156961069994,9885,0.038894156961069994,0.010890000000000002,0.010645469732683942,0.0008836886072646004,0.00031328037901392467,0.00022941334011037582,8.301064169755517e-6,0.000210715481811972,0.00035540682774481627,0.00031394509739928123,7.819660364484983e-5,0.00024659953261648267,0.0021993867563295235,0.0010197811212613321,0.0008712000000000001,0.003805519453119436,5.494276098238622e-6,2.21299796623948e-9,0.004272935847912623,0.0004284366034485872,1.3199775614970863e-7,0.0,0.0,0.0,0.9987235644526185,0.038894156961069994,0.010890000000000002,0.010158396476649957,0.000506050348111812,0.0001154302424719295,7.57604454496748e-7,3.086777175829641e-7,2.0562706096307394e-6,0.0001105834525373378,3.509406022691226e-5,1.7268692428105906e-5,3.2047146495246896e-5,0.0007588395743139449,0.0009264230851909394,0.0008712000000000001,0.0029731083154516764,1.7435200818132692e-6,2.1989518920167658e-10,0.000650599274441359,0.00033074035497164886,7.663995833961187e-8,0.0,0.0,0.0,0.9970702188645257,0.038894156961069994,0.010890000000000002,0.010788801955726757,0.0015049356421517857,0.0006482094321083539,0.0025446245822781746,8.756462483417677e-5,0.0011604544404483165,0.0009478211550649828,0.0008904156173562544,0.00018576295231394197,0.0007154713916627677,0.00396554146966464,0.0018964377895419656,0.0008712000000000001,0.004600001276952523,0.00010830857240841572,1.4230423611015656e-6,0.00862615530910741,0.0005262083782434749,3.830559966693105e-7,0.0,0.0,0.0,0.9997023235585079
0.042108243059117645,9888,0.042108243059117645,0.010890000000000002,0.010622727613072109,0.0008146058712547911,0.00028643566151444037,0.00011122612012966718,7.051346416073177e-6,0.00013271402327584645,0.00033242530190818423,0.00027856639424917644,7.23996940729192e-5,0.00021704366173408776,0.0022803872090860593,0.0010336509494453354,0.0008712000000000001,0.0038070843543509315,6.7596037484267116e-6,3.438453942374258e-9,0.004771024170133873,0.00042735593746185633,1.3693724587304095e-7,0.0,0.0,0.0,0.9985753928440276,0.042108243059117645,0.010890000000000002,0.010036153833751482,0.0004651872766491691,0.00011148270135214749,7.855550262988067e-7,3.153235810092765e-7,1.911911495802948e-6,0.00011720159946170265,3.3141398726842965e-5,1.740720694695602e-5,3.0785384592982255e-5,0.000743289541357115,0.0009306805217867883,0.0008712000000000001,0.0029526839457045414,1.8275648632296455e-6,2.465835736113904e-10,0.000712887761424127,0.0003307000837046322,8.029139772375073e-8,0.0,0.0,0.0,0.9969727179674522,0.042108243059117645,0.010890000000000002,0.010778128311296698,0.0013852229712123748,0.0005856716215217667,0.002514906174141429,7.298499168571807e-5,0.0011121808594173074,0.0009290934693414076,0.0008627277360790713,0.00018436981061832616,0.000703593951138176,0.004008466970826027,0.001961992571464937,0.0008712000000000001,0.0045981402192491585,0.00011920195868010836,1.677041165416601e-6,0.008813879010927879,0.0005255599609166108,3.828542628670941e-7,0.0,0.0,0.0,0.9996856780966448
0.045587930734697954,9890,0.045587930734697954,0.010890000000000002,0.010601863930933722,0.00074035008652393,0.0002599770568286095,4.552174241769076e-5,5.3763883530346025e-6,5.97798314165468e-5,0.00031604194111647856,0.00023120740288485046,6.26183218878648e-5,0.00017671576265127176,0.002381960034147749,0.0010470661995024585,0.0008712000000000001,0.003788076623770184,9.678057285210202e-6,7.939883415540875e-9,0.005335010013299125,0.00042743846614277914,1.402834050379699e-7,0.0,0.0,0.0,0.9983974559587583,0.045587930734697954,0.010890000000000002,0.009993487137374952,0.0004179066974658664,9.96348900806762e-5,7.367914382836375e-7,3.1305377337855516e-7,1.7293780438055016e-6,0.00011105745597559302,2.9380769028507406e-5,1.5888646998781222e-5,2.8055253988427483e-5,0.0008042271888778206,0.0009355093577076577,0.0008712000000000001,0.0029577799396641644,1.9655298512642718e-6,2.815192151080653e-10,0.0008937812244179459,0.0003272023786929622,8.241069326434929e-8,0.0,0.0,0.0,0.9967759563044944,0.045587930734697954,0.010890000000000002,0.010768787495210793,0.0012782851846576265,0.0005497131049759237,0.002431800076727075,8.101544942026558e-5,0.0010363311788698108,0.0008859606205769005,0.0008584218401710398,0.00018327053325559335,0.0006964312101213882,0.004098324952008625,0.0020748699402430336,0.0008712000000000001,0.004603152434737534,0.00012857599611812193,1.9841844380733726e-6,0.009158215652876056,0.0005246833941134418,3.7669277872624074e-7,0.0,0.0,0.0,0.9996463080604222
0.049355168434690025,9875,0.049355168434690025,0.010890000000000002,0.010577232462127719,0.0006835385947304172,0.00023776934920684408,2.509803593091546e-5,3.7250351477327843e-6,2.9046622800407708e-5,0.00029722374141949166,0.00018571401110931612,5.4121851884610175e-5,0.00014418539512749045,0.002470226479277959,0.0010649377240529976,0.0008712000000000001,0.003788089910285801,1.5388939046692916e-5,2.270379919542039e-8,0.005736617291651249,0.0004286245442903197,1.442265904311071e-7,0.0,0.0,0.0,0.9982572552521431,0.049355168434690025,0.010890000000000002,0.009906230772573703,0.00038207301440462503,9.090059039906364e-5,7.907683055637677e-7,3.145797960300686e-7,1.5199189722792418e-6,9.904091077244542e-5,2.6227272381550865e-5,1.4393392841862497e-5,2.394404901970054e-5,0.0008591085440114538,0.0009423406607512929,0.0008712000000000001,0.002938856519374189,2.1192040067327173e-6,3.357571765558958e-10,0.0010243206384467328,0.00032872622101450536,8.516045052896209e-8,0.0,0.0,0.0,0.9966474952273627,0.049355168434690025,0.010890000000000002,0.010760735446903208,0.001209172743032172,0.0004961211562757376,0.002354365915724196,7.104498488883251e-5,0.0010082091433007104,0.0008427782843447176,0.000858138529932963,0.00017907518772028298,0.0006786190816058293,0.004173032670482357,0.0021795984378731197,0.0008712000000000001,0.004589179341500995,0.00015716789294054921,2.9742924416351757e-6,0.009327890645783914,0.0005247330244978552,3.6201819854097235e-7,0.0,0.0,0.0,0.9995954024104579
0.05343371835393662,9843,0.05343371835393662,0.010890000000000002,0.010550927219561228,0.0006257587635995554,0.00022178261455762006,1.6101544933702546e-5,2.6780820475644234e-6,2.0359651420473627e-5,0.0002854411121753304,0.00015449984335132627,4.809697385403963e-5,0.00012093586438873735,0.0025720114526600925,0.0010811778389253253,0.0008712000000000001,0.0037848236276171086,2.353008334714457e-5,5.6354450884083605e-8,0.006132937759583811,0.00042802463249347724,1.4940990746283963e-7,0.0,0.0,0.0,0.9981205765070049,0.05343371835393662,0.010890000000000002,0.009860933268014066,0.00034573825483257144,8.513267678495586e-5,7.903483110862213e-7,3.262423476499255e-7,1.5286815605982178e-6,0.00010301662505389364,2.5161306256663186e-5,1.374720941983993e-5,2.305562600002552e-5,0.0009176284741692137,0.0009480587673613033,0.0008712000000000001,0.0029530310022738244,2.3468481871704265e-6,3.99554162771109e-10,0.001186891828451599,0.00033132354435847026,8.850435503552795e-8,0.0,0.0,0.0,0.996529825661395,0.05343371835393662,0.010890000000000002,0.010747359678770154,0.001106291397246209,0.00045268269573817593,0.002263564826734012,6.934182343513547e-5,0.000952564046093509,0.0007810556757987063,0.0008020860962061993,0.0001714902191845467,0.0006511147572411478,0.004239071840898166,0.002335049706931653,0.0008712000000000001,0.004591780367649885,0.00016405856746474384,3.2596882805661604e-6,0.009468332479795658,0.0005253137549010349,3.7163914708406515e-7,0.0,0.0,0.0,0.9995574589725252
0.05784930631745207,9862,0.05784930631745207,0.010890000000000002,0.010525939692809018,0.0005727816822660696,0.0001999862504634753,1.1906135224394107e-5,2.199702876511292e-6,1.6710766603995345e-5,0.0002737319090591439,0.00013297182033084645,4.3198021853751355e-5,0.00010325182418213682,0.0026355856229524585,0.00109806978099433,0.0008712000000000001,0.0037717115672649126,3.1003630553488236e-5,1.0268933693845393e-7,0.006382686915767888,0.00042832690313229977,1.5519253163099298e-7,0.0,0.0,0.0,0.9980064885223341,0.05784930631745207,0.010890000000000002,0.009786391471280121,0.0003116508212336369,7.716833566269945e-5,8.153613268551947e-7,3.3416564571495866e-7,1.3656346286612057e-6,8.842623634176349e-5,2.2197820890166356e-5,1.2550250140069324e-5,2.06723988740844e-5,0.0009720429952509519,0.0009532417618024115,0.0008712000000000001,0.0029346494894596665,2.5764403977428135e-6,4.835543234847741e-10,0.0013851573883905887,0.00032966246544989693,9.168640943101034e-8,0.0,0.0,0.0,0.9963627039132059,0.05784930631745207,0.010890000000000002,0.010738285222528097,0.0010281728422263095,0.00042064195386227327,0.002114619642134459,6.485265447957987e-5,0.0008822044619405764,0.000739557712413207,0.000801609421422117,0.00016932017794412093,0.0006378743773318368,0.004250852709557682,0.0025425221708658893,0.0008712000000000001,0.004572183170390188,0.00018438075340688646,4.254674587100864e-6,0.00967644059087094,0.0005252380619879264,3.946984545845405e-7,0.0,0.0,0.0,0.9995111277455219
0.06262978404840602,9831,0.06262978404840602,0.010890000000000002,0.01049394427393087,0.0005251124488455159,0.00018412371369991358,9.392281332466606e-6,1.9014379323679724e-6,1.3309009211965754e-5,0.0002625463705904435,0.00011435809082925788,3.926993180429034e-5,8.875544184100099e-5,0.002715455146843888,0.0011185829879540347,0.0008712000000000001,0.0037661149370845975,4.066764667308771e-5,1.8423324381849793e-7,0.006657177324794108,0.0004279539402382815,1.6196630335337192e-7,0.0,0.0,0.0,0.9978733486757098,0.06262978404840602,0.010890000000000002,0.009661789404897456,0.00027803023267305527,7.052737004574694e-5,7.873340360457329e-7,3.372530802076841e-7,1.2811428972066066e-6,8.568105863540234e-5,2.0046160022958095e-5,1.1898084913746036e-5,1.920702423825532e-5,0.001031764524520949,0.000960933539502444,0.0008712000000000001,0.002916200274286498,2.863804193983483e-6,6.446793447962898e-10,0.0016050790320049659,0.0003281175313756855,9.727878825022275e-8,0.0,0.0,0.0,0.9962304238040594,0.06262978404840602,0.010890000000000002,0.010720740768892192,0.0009459534950327562,0.0003941461802690146,0.0020332474803081532,5.851889591337439e-5,0.0008254909823761934,0.0006783278903743315,0.0007600961159164339,0.00016533978738517943,0.0006073178956435462,0.00427971293930878,0.0025510003465200664,0.0008712000000000001,0.004589372255493814,0.0002074216483832096,5.457198979973819e-6,0.009739965928645114,0.0005259908837255073,3.856394356208809e-7,0.0,0.0,0.0,0.9994486921954837
0.06780530484540362,9821,0.06780530484540362,0.010890000000000002,0.010460273205009495,0.00048225829011606355,0.00017130648542401785,8.231947266465488e-6,1.760996346465138e-6,1.1515578215841366e-5,0.00025396849477116336,0.00010138907481564322,3.67236620533149e-5,7.918141506110074e-5,0.002765782561467149,0.001138690923339333,0.0008712000000000001,0.003758037795721957,5.0872841158725135e-5,2.929431799641063e-7,0.006862482468616749,0.00042765400698787845,1.7068671099084604e-7,0.0,0.0,0.0,0.9977718287485111,0.06780530484540362,0.010890000000000002,0.009582887946891116,0.00025186551747958456,6.742489070313824e-5,8.182459983398515e-7,3.548326927271075e-7,1.2576754645783153e-6,7.464992360727631e-5,1.780058159851221e-5,1.0623805259282286e-5,1.593651973139194e-5,0.0011326099974335218,0.0009675927407857411,0.0008712000000000001,0.0029301267095915113,3.1919177878168923e-6,7.616468617809768e-10,0.0018160108229227632,0.00032956834394623805,1.0031620901885424e-7,0.0,0.0,0.0,0.9960280504896802,0.06780530484540362,0.010890000000000002,0.010712661266144476,0.0008899260984467222,0.0003563966330518719,0.0019229148637126426,5.615693148302123e-5,0.0007835272071739523,0.0006379433173006334,0.0007456139338288978,0.00015844290185512743,0.0005854514395805747,0.004378069477902696,0.0027510412330059033,0.0008712000000000001,0.004570582810449063,0.0002309773570357649,6.884502735832717e-6,0.009886424577516359,0.0005259240091243813,3.8641226217858126e-7,0.0,0.0,0.0,0.9993750305184579
0.07340851377716238,9771,0.07340851377716238,0.010890000000000002,0.010433391310176919,0.0004403090458465044,0.0001538810961713479,7.391992558323285e-6,1.6397595363083057e-6,9.470416980347489e-6,0.0002413989405609351,8.703745425551463e-5,3.292740952713573e-5,6.890960469965278e-5,0.002829368972596264,0.001163721993834793,0.0008712000000000001,0.0037375576469421386,6.41112106705381e-5,4.6622704359881776e-7,0.007035335157446778,0.00042852147886229185,1.7966277029220148e-7,0.0,0.0,0.0,0.9976639474886823,0.07340851377716238,0.010890000000000002,0.009530345498755788,0.00022815277415232487,6.125611602399373e-5,8.746945069068714e-7,3.6300760109531196e-7,1.1974548257154272e-6,6.667694525273795e-5,1.694649143620172e-5,1.0013611350651952e-5,1.5200580859909796e-5,0.001211553089074337,0.0009767725805730654,0.0008712000000000001,0.0028978692299692042,3.635603844945749e-6,1.0078653282054098e-9,0.0021751935119037275,0.0003267630997520675,1.0363988786345158e-7,0.0,0.0,0.0,0.9957807502376537,0.07340851377716238,0.010890000000000002,0.01069850456875258,0.0008229634783831341,0.00033208909975681065,0.0017699686095009489,5.833204040321787e-5,0.0006987890368570777,0.0005827614158980331,0.0006760974683190652,0.00014629232689004532,0.0005335965873441434,0.004381594824386802,0.0031242420545178114,0.0008712000000000001,0.004550196965909481,0.00024977677357196197,8.198299030119475e-6,0.009978942110805342,0.0005262052602402178,4.1365344837836164e-7,0.0,0.0,0.0,0.9992877333170382
0.07947475359425563,9688,0.07947475359425563,0.010890000000000002,0.010389467813182608,0.00040439630478563066,0.0001426671163819512,7.167690936363932e-6,1.6406305137578072e-6,8.542118397291507e-6,0.00023186465340912317,7.704270891330887e-5,3.0522777334532677e-5,6.118437645021242e-5,0.0028537106926845492,0.0011943115625122002,0.0008712000000000001,0.0037396716334943273,7.597097772768857e-5,6.588757189742285e-7,0.007190938415027059,0.0004271404379914941,1.914289364085806e-7,0.0,0.0,0.0,0.9975564729168505,0.07947475359425563,0.010890000000000002,0.009380813892406489,0.0002026270373768323,5.584702129129346e-5,8.816436314890554e-7,3.8473929030155507e-7,1.2023111624381928e-6,5.60907197212796e-5,1.4808161759031838e-5,9.019634612555346e-6,1.3284101870664699e-5,0.0012840286812475425,0.0009852101799217882,0.0008712000000000001,0.0028959519810109486,4.206499147381852e-6,1.3215382858006464e-9,0.0026296772140364678,0.0003266883105042062,1.0996366918893926e-7,0.0,0.0,0.0,0.9955570031540334,0.07947475359425563,0.010890000000000002,0.010678038938012013,0.0007689375550631967,0.00030220884261918975,0.0015888836972235486,6.82603916204068e-5,0.0006453348276164679,0.0005191145598193826,0.0006136678096273111,0.0001296707271649803,0.00046478015900927236,0.004447943054034032,0.0033213430528612714,0.0008712000000000001,0.004565780821417454,0.00029382296193003883,1.11240151572464e-5,0.010113760761364289,0.0005262454054605665,4.462731295365841e-7,0.0,0.0,0.0,0.9991747901516589
0.0860422876567302,9532,0.0860422876567302,0.010890000000000002,0.010354638957696368,0.0003693752046056661,0.00012954638693707133,6.706684385402582e-6,1.6202083803864176e-6,7.555865218383682e-6,0.0002205541722596203,6.904426943267415e-5,2.8495043371187197e-5,5.4285818194322664e-5,0.0028984778532735274,0.0012152735993532023,0.0008712000000000001,0.0037264167220299642,9.220231818061208e-5,9.853210849306738e-7,0.007314501689657461,0.0004289250869688422,2.0232478264511486e-7,0.0,0.0,0.0,0.9974501161526088,0.0860422876567302,0.010890000000000002,0.009315493544526812,0.00017854655123645158,5.309588799470202e-5,9.571304463308623e-7,4.0733968375960677e-7,1.0931423559192503e-6,4.731507315154588e-5,1.3313052531478502e-5,8.276614436584892e-6,1.2040561582905477e-5,0.0013348416965127214,0.0009963275356270262,0.0008712000000000001,0.0028690860243149774,5.225964769322737e-6,2.1169829533710277e-9,0.00300529732389138,0.0003310372983391032,1.1764054825635556e-7,0.0,0.0,0.0,0.9952392221041598,0.0860422876567302,0.010890000000000002,0.010664357368040488,0.000709091881906656,0.00027666443855639555,0.0012873535043603746,5.5947405680078104e-5,0.0005601749834319631,0.0004519344716852567,0.0005520403631489567,0.00012247127586427638,0.0004204007439859873,0.004403422175022525,0.0034509795215888765,0.0008712000000000001,0.0045615381994192905,0.00033059908588787315,1.4740680389188583e-5,0.010225341409834224,0.0005267261679968606,4.6745986100059796e-7,0.0,0.0,0.0,0.9990666955635487
0.09315254128373422,9236,0.09315254128373422,0.010890000000000002,0.010311899652667933,0.00033726689493962666,0.00012043873745845291,6.812015465428102e-6,1.61048923285169e-6,6.911729136550862e-6,0.00020777139667175505,6.19642229667058e-5,2.6297532478214363e-5,4.92882487370935e-5,0.0029163640599852636,0.0012386537130408526,0.0008712000000000001,0.0037124575813125985,0.00010778966426092392,1.3529381223200976e-6,0.00735724888238695,0.00042718871145883716,2.1511472394354606e-7,0.0,0.0,0.0,0.9973609061206086,0.09315254128373422,0.010890000000000002,0.009165766748631505,0.00016029288943571383,4.8478652566072555e-5,9.718928228750972e-7,4.1339306394465415e-7,1.1143401399779257e-6,4.1787280535290776e-5,1.2221035891074274e-5,7.990689351493065e-6,1.113183395568141e-5,0.0013617635275013783,0.00100308954203475,0.0008712000000000001,0.0028910959362779746,6.6012149185490016e-6,3.2879895967568513e-9,0.0035542738810967066,0.0003290689199805505,1.2114825802703023e-7,0.0,0.0,0.0,0.9951772877702009,0.09315254128373422,0.010890000000000002,0.010649342219700125,0.0006687716922480362,0.00026434789329941096,0.0009794259238544093,5.656446535662251e-5,0.00046999834726545143,0.0004062704735382844,0.00046995608124344627,0.00010700711588461854,0.0003641745786010252,0.004401651927449888,0.0036138170386362605,0.0008712000000000001,0.004527595006077204,0.0003590007103400361,1.6934376216553256e-5,0.010229939227713225,0.000526974517423503,4.893215121778241e-7,0.0,0.0,0.0,0.9988752498277967
0.10085036304749005,8835,0.10085036304749005,0.010890000000000002,0.010275192385005778,0.00030898245435909805,0.0001105443430765631,7.01533533073147e-6,1.6694458750026007e-6,6.5168937630703645e-6,0.00019657252481374728,5.6357394894990334e-5,2.441865013456979e-5,4.4276538472213834e-5,0.0029315218264351936,0.0012714097082291893,0.0008712000000000001,0.0037106660424633675,0.0001241981819312623,1.8058253358556581e-6,0.00750104022396244,0.0004278581996828432,2.2881083614803027e-7,0.0,0.0,0.0,0.9972456590108227,0.10085036304749005,0.010890000000000002,0.008995600367806774,0.00014610239375974137,4.735300768003004e-5,1.073879086558801e-6,4.365909447903971e-7,1.1356130281201015e-6,3.932948674328177e-5,1.1640182691624912e-5,7.550862855381042e-6,1.0513443326091113e-5,0.0014355830362450597,0.0010150193431080323,0.0008712000000000001,0.002900908343348276,8.263973664916414e-6,6.026474273970082e-9,0.00407289830823775,0.0003305971703751825,1.2953514527913799e-7,0.0,0.0,0.0,0.9949492366521089,0.10085036304749005,0.010890000000000002,0.010626974380982845,0.0006119492104017272,0.0002368256038837085,0.0007882278520474644,5.667958262188768e-5,0.0004067822924480461,0.0003877105523221656,0.00039775482955359953,9.233284655360029e-5,0.0002995345216809205,0.004483441363055211,0.003993248345259865,0.0008712000000000001,0.00453045749141294,0.0003789705824914586,1.965497490805993e-5,0.010272969504746845,0.0005272882848916385,5.359234074249878e-7,0.0,0.0,0.0,0.998705430218927
0.10918430765974725,8018,0.10918430765974725,0.010890000000000002,0.010221728177537456,0.00028006251686688006,0.00010167886174184621,7.509119396638208e-6,1.7564967043529427e-6,6.175364754931367e-6,0.0001819436067324721,5.090224739791551e-5,2.263058005690494e-5,4.013576831308531e-5,0.0029338357985576853,0.0013093418922389304,0.0008712000000000001,0.003705918724847165,0.00014069254164750163,2.3135323407810774e-6,0.0075422069467459,0.0004283446777963057,2.443453618723125e-7,0.0,0.0,0.0,0.9971482158173375,0.10918430765974725,0.010890000000000002,0.008897881818591101,0.00012914434315181795,4.2740085334314905e-5,1.0736367376569157e-6,4.664029551492342e-7,1.1163331061449104e-6,3.6034246962843466e-5,1.1039138222050544e-5,7.1261394580519325e-6,9.703319837270385e-6,0.001481026015766947,0.0010283556785660771,0.0008712000000000001,0.002892774689258205,1.2025805768891286e-5,1.2200019743051912e-8,0.004139927698554148,0.00033170503743571876,1.3795769994964516e-7,0.0,0.0,0.0,0.9948271875263481,0.10918430765974725,0.010890000000000002,0.010612296652224962,0.0005797372164452892,0.00022328373960808513,0.000564125439453303,6.113872491799562e-5,0.00032592648399473593,0.00037300100474392804,0.00033417056272655454,8.0045232851987e-5,0.0002371987915646858,0.0045014197121068964,0.004815533691896093,0.0008712000000000001,0.0045428418094377145,0.0003986578397831914,2.064286738441895e-5,0.010345347420235627,0.0005225745949737768,5.763879956997299e-7,0.0,0.0,0.0,0.9986641954291178
0.11820694223504868,7116,0.11820694223504868,0.010890000000000002,0.010167143520573425,0.0002570739665282906,9.401723816626302e-5,8.086477195084591e-6,1.8602926895825347e-6,6.060478132371838e-6,0.00017028452583373112,4.726654508416326e-5,2.1916548374075964e-5,3.743312669157442e-5,0.002958490634727473,0.001349373330969654,0.0008712000000000001,0.0037098907393335904,0.0001587156362543471,2.9623533312893448e-6,0.007536838383763473,0.00042802186497244366,2.6274316364389864e-7,0.0,0.0,0.0,0.997085940249126,0.11820694223504868,0.010890000000000002,0.008729102075497791,0.00011979177913971045,4.106559445810878e-5,1.1237317712476465e-6,4.829094599234894e-7,1.1457390896754447e-6,3.1058347158451156e-5,1.0042361539486056e-5,6.726199898900204e-6,8.923761647266031e-6,0.0014438157528338976,0.0010373974641160078,0.0008712000000000001,0.0029201696278881623,1.9125024266302798e-5,3.605181354451336e-8,0.004553830953093652,0.0003305923620541586,1.4374273281044396e-7,0.0,0.0,0.0,0.994808474661892,0.11820694223504868,0.010890000000000002,0.010583398685421345,0.0005184114187146532,0.00020428072082186058,0.0003006431454005899,6.50083079992562e-5,0.00019029525038370302,0.0003547972543623384,0.00026083767076605976,6.820987172406832e-5,0.0001833500765036423,0.004450454681855296,0.0046673430246100996,0.0008712000000000001,0.004517794467980268,0.0004274384797097506,2.437736490931379e-5,0.010243023022659128,0.0005298546446965226,6.177263012484048e-7,0.0,0.0,0.0,0.9984595359559196
0.1279751778625921,5873,0.1279751778625921,0.010890000000000002,0.010123178314216308,0.00023937820098791327,8.92381469456948e-5,8.283656807581454e-6,1.9102081248359984e-6,5.741949003355591e-6,0.0001584904711722194,4.300739041469926e-5,2.0332368329265082e-5,3.387601513850206e-5,0.002919405039695619,0.0013746788875469067,0.0008712000000000001,0.0037152487192014102,0.00017728926901161934,3.7503468625289224e-6,0.007501450098601546,0.0004274006613203843,2.767351704341104e-7,0.0,0.0,0.0,0.9970120412378797,0.1279751778625921,0.010890000000000002,0.008619514400305435,0.0001091969829817013,3.7373774896082924e-5,1.2069865164516683e-6,5.043795932406712e-7,1.1091581342151327e-6,2.8138728522464852e-5,9.829925651275758e-6,6.429201064775006e-6,8.420166703319034e-6,0.0014338842082118168,0.0010511255048589487,0.0008712000000000001,0.0029564266484952005,2.2416655664425826e-5,4.725132654139531e-8,0.0044687303793695616,0.000326722379948616,1.5224844843298465e-7,0.0,0.0,0.0,0.9947313045886497,0.1279751778625921,0.010890000000000002,0.010563627971705064,0.0005088488378054673,0.00020168766723272543,0.00033512520273974554,6.314436739953133e-5,0.00019539975682966655,0.00034670335458298625,0.00027605256161108787,6.98739363099082e-5,0.00019710667936471442,0.004460556719396168,0.00517717129604044,0.0008712000000000001,0.004506898387020412,0.0004557829114120314,2.7401610759822993e-5,0.010220713975555936,0.0005239807543147663,6.628719015114055e-7,0.0,0.0,0.0,0.9984295269765534
0.13855062857810793,4469,0.13855062857810793,0.010890000000000002,0.010074506619030511,0.00021997907725954097,8.431991350675921e-5,9.290415133647167e-6,2.057181437775509e-6,5.871093204915232e-6,0.00014974943812848658,4.037099630758779e-5,1.9652467128623845e-5,3.187061575714948e-5,0.002937712590860489,0.0014212076003358334,0.0008712000000000001,0.0037469545155868734,0.00019345278764836807,4.380026251141887e-6,0.0075096296729172205,0.00042582255550392814,2.9604588340244436e-7,0.0,0.0,0.0,0.9969634048721325,0.13855062857810793,0.010890000000000002,0.00855275235569399,0.000102080253698972,3.690905161805813e-5,1.3602346218703963e-6,5.377769289576337e-7,1.2560346285192646e-6,2.827545085574544e-5,9.450981258788572e-6,6.346820101424671e-6,8.257766530596113e-6,0.0015142833308181146,0.0010627520118427045,0.0008712000000000001,0.003003239958772293,3.4677369169019275e-5,1.3360065180014847e-7,0.004658462743639145,0.00032986071306915783,1.606793191118309e-7,0.0,0.0,0.0,0.9948805675306537,0.13855062857810793,0.010890000000000002,0.010539730926351876,0.0004701511183178183,0.0001928790951055042,0.00022086535135864476,5.9748583136529954e-5,0.0001300912052851453,0.0003337122026443475,0.00021663332106447355,5.976468065080084e-5,0.00015356903753551012,0.004360603770580871,0.0051923666002491094,0.0008712000000000001,0.0045297370403030324,0.0004524843636525794,2.607627654904805e-5,0.010272966638781479,0.0005244118851811641,6.701094523923309e-7,0.0,0.0,0.0,0.9983224587206811
0.15,3211,0.15,0.010890000000000002,0.0100153970621343,0.00020677353372504522,8.067014137865551e-5,9.586719869482037e-6,2.1018368991475888e-6,5.8410879482969644e-6,0.00013904097006763066,3.866936931505353e-5,1.876353206025614e-5,3.0061259969192057e-5,0.002907209738969065,0.0014600019543608677,0.0008712000000000001,0.003764953550992312,0.0002030356793761246,4.8067498872905944e-6,0.007353338144463124,0.0004271568360927101,3.175259951004212e-7,0.0,0.0,0.0,0.9969527374566747,0.15,0.010890000000000002,0.008380546681203216,8.93102497385377e-5,3.400434317518905e-5,1.3842281614601407e-6,5.443958770589868e-7,1.1973122111181675e-6,2.4338343581376562e-5,9.142239287691432e-6,6.140258919450916e-6,7.646712238931445e-6,0.0014944492123968916,0.0010775601995273358,0.0008712000000000001,0.0029930121468887756,4.300690974159083e-5,1.9703361701105823e-7,0.0045806801010042425,0.0003334346642659081,1.6193974452392403e-7,0.0,0.0,0.0,0.994846113829708,0.15,0.010890000000000002,0.010536462919242833,0.00045722068543539913,0.0001830760630764275,0.0002753696005044262,7.202390704244527e-5,0.0001400493102588147,0.00031580514483874777,0.00019449824303294333,5.40143460904328e-5,0.00013209346295966123,0.004383310323943271,0.005209697145987109,0.0008712000000000001,0.00455378497112565,0.0004898433239136239,2.9929013622586096e-5,0.009987311523092816,0.0005220692706247285,7.418744306141379e-7,0.0,0.0,0.0,0.9983438008770044
